{
  "n_samples": 352,
  "dim": 512,
  "accuracy_1nn_cosine": 0.8920454545454546,
  "per_label_accuracy": {
    "ground": 0.4090909090909091,
    "shock": 0.2631578947368421,
    "roar": 0.9646302250803859
  },
  "confusion_matrix": [
    [
      9,
      3,
      10
    ],
    [
      2,
      5,
      12
    ],
    [
      5,
      6,
      300
    ]
  ],
  "strict_coverage": false,
  "min_overlap_ratio": 0.1
}