fold,n_test,accuracy,f1_macro,f1_weighted
1,72,0.375,0.284368560494554,0.4421875511071861
2,72,0.6388888888888888,0.43060731538992414,0.7153381642512078
3,71,0.49295774647887325,0.36385603040188036,0.5885540930183559
4,68,0.4852941176470588,0.34968734968734966,0.5862405568287921
5,68,0.5294117647058824,0.3180925603606016,0.6596067667929402
