{
  "n_samples": 352,
  "dim": 512,
  "accuracy_1nn_cosine": 0.8948863636363636,
  "per_label_accuracy": {
    "ground": 0.5454545454545454,
    "shock": 0.47368421052631576,
    "roar": 0.9453376205787781
  },
  "confusion_matrix": [
    [
      12,
      2,
      8
    ],
    [
      1,
      9,
      9
    ],
    [
      6,
      11,
      294
    ]
  ],
  "strict_coverage": false,
  "min_overlap_ratio": 0.1
}